products;product_id;ID
9/11 Memorial and Museum;974440;260932
Abbaye du Mont Saint Michel;974575;66746
Accademia Gallery: Skip The Line;974171;71854
Acropolis of Athens;975704;99239
Aquarium of the Pacific: Skip The Line;976710;81810
Arc de Triomphe: Advance Ticket + Rooftop Access;974146;66746
Barcelona Airport Aerobus;977906;66342
Barcelona Aquarium: Skip The Line;703295;66342
Borghese Gallery;974333;71631
Burj Khalifa: 124th & 125th Floor;974265;60005
Camp Nou Experience;974062;66342
Casa Batlló: Blue;973672;66342
Catacombs of Paris: Skip The Line;975456;66746
Colosseum, Roman Forum & Palatine Hill: Last Minute Tickets;975871;71631
Colosseum, Roman Forum & Palatine Hill: Video Guide;973760;71631
Colosseum: Skip The Line + Arena Floor Access & Roman Forum;975451;71631
Doge's Palace: Skip The Line;974729;71510
Empire State Building: General Admission;974092;260932
Fondation Louis Vuitton: Premium Access;974974;66746
Heineken Experience;703726;75061
Kew Gardens: Priority Entrance (Kew Gardens & Kew Palace);974403;67458
La Pedrera Essential: Skip The Line;973460;66342
Louvre Museum: E-Ticket;973698;66746
Montjuic Cable Car;974032;66342
Musée d'Orsay: Dedicated Entrance;973980;66746
Museo Reina Sofía;974046;66254
One World Observatory: Skip The Ticket Line;974086;260932
Palace of Versailles: Palace Entrance + Audio Guide;973978;66746
Park and Pena Palace in Sintra: Skip The Line;975019;76496
Park Güell;973888;66342
Pergamon Museum & Asisi Panorama: Skip The Line;974527;65144
Pompeii: Skip The Line;974390;71720
Prado Museum;974035;66254
Rijksmuseum: Skip The Line;703796;75061
Sagrada Familia: Fast Track;918256;66342
Sagrada Familia: Fast Track & Tower Access;975248;66342
Sainte Chapelle;974484;71631
Skydeck Chicago;974496;80816
St. Peter's Basilica: Selfguided Tour + Dedicated Entrance;973588;71631
Statue of Liberty & Ellis Island from Battery Park + City Guide;974085;260932
The Duomo di Milano, Rooftop & Duomo Museum;976152;71854
The Guggenheim: Skip The Line;975049;260932
The LINQ High Roller: Skip The Line;974981;82073
Tower of London;974054;66746
Uffizi Gallery: Priority Entrance;974170;71854
Van Gogh Museum & Canal Cruise;974260;75061
Vatican Museums & Sistine Chapel: Last Minute Tickets (02);974863;71631
Vatican Museums & Sistine Chapel: Skip The Line (01);973975;71631
ZooParc de Beauval;974727;66746
ZSL London Zoo;974412;67458
